UCS_MPa,BTS_MPa,Schmidt_Rebound,Point_Load_MPa,P_Wave_m_s,Density_g_cm3,Drillability_Index
107.41722139252525,13.088923623511883,29.89267142338773,4.407901527971539,3501.1972901187946,2.4934261441412398,68.33209499853591
211.1285751537849,20.851343043842196,49.84709653396995,10.912944448499827,5032.603953719164,2.7038336108541094,18.368687914395757
171.75890952605292,16.901178377121912,44.030690825346916,8.053882110715577,4571.272828692506,2.687964506165535,38.56755219650866
147.7585271554666,14.005919841844094,36.4459784638352,6.808714750732282,4450.923711183871,2.662865781736527,56.67362580137693
68.08335527963857,6.2436788560075644,21.955723139886167,2.665519077165692,3129.970360113465,2.3303044874002095,84.62736377047435
68.07901366051648,5.719287437903513,20.02216905433675,3.444655560637063,2947.0623384905257,2.413405036970507,94.04168656825895
50.455050190275905,5.012820729482782,25.98518543680435,2.0055924591663814,2911.1654949838075,2.350599658112178,95.0
195.91170623948832,21.084306628379462,49.288131903812854,8.96608246366306,4368.96706946631,2.8166996936985194,23.11386478291868
148.2007021137776,13.254993745241444,37.54096389877777,8.016437819760652,4452.763671781086,2.6505811247620406,42.92748145200137
167.4530640032882,18.435208491316544,44.13255253286031,7.563472959378047,4163.853204293703,2.6537057449657873,34.88665825286145
43.70520897324444,4.479881211625655,18.404057645576398,2.561237071017585,2583.0899463180403,2.390944202002958,95.0
214.58377338915898,25.810473497954874,52.25384587923213,9.402219668762463,4994.822621912156,2.8358248415161285,13.243935158366392
189.8396753440759,23.43293821591848,49.81043516894546,8.61158190675497,4588.658835016958,2.7681537990567313,20.065697730114735
78.22103992208972,6.6006009635295575,27.916731114559862,4.440902132458197,3405.4809563070494,2.3879997218126094,80.96732503832224
72.72849409727812,6.411230950742934,22.954195376624043,2.9923571118914856,2997.3871711967936,2.396021369732259,89.5916186031205
73.0128117736181,6.77054064617788,22.87510763278958,4.22498845052656,3164.4929529504147,2.3747982996195094,88.39496048788187
94.76360373271679,9.834522084838637,28.12756565508843,4.661312501033046,3412.069940214915,2.4756435082019794,73.58250624739388
134.45615769380282,15.466860200672198,29.985468044553812,5.830410143589358,4112.250530851667,2.688953897088526,55.32987284325431
117.75010335558083,13.651001747972296,29.004447484520515,5.668481294781435,3781.615928545764,2.484655252920175,62.26108269427691
92.42124523564755,10.26791877790512,32.584871849463084,4.6872429173427985,3129.7202336969995,2.3965856658131055,68.97408013481403
150.13352105002832,14.723437810436522,44.96160735050951,7.135155937928067,4451.256179639853,2.7239590795247657,53.05388956109453
65.10889491736754,5.996186612242387,22.274670864804374,2.174382863571478,2877.882107128251,2.3848605008945096,87.97155148061684
92.58603673633927,8.701049548678226,30.24687823643515,3.844887627375714,3077.474171313139,2.444304473276022,79.55887863469289
105.9451317928645,11.617127577117694,32.12277682220351,4.691928490990816,3503.553944699785,2.5698306297483975,73.86876317901125
122.09259715906647,10.32979387910232,43.65516185717901,5.5124467926802705,4131.540915512859,2.5359970144903565,63.798016571790825
181.33167305074244,16.55756941988731,49.62505934445222,8.552684823809086,4890.019444183836,2.835295504829574,31.491392796044895
75.94128078850476,7.432532768298162,24.804503383258652,3.540726899944116,3069.3887849459993,2.461720135932478,85.30642208731977
132.5621989144501,12.689162796748253,33.64581846108875,5.357882316756318,3918.5814428530657,2.5732910263360655,57.733953218250825
146.63462239516764,15.150708651416206,34.50758551826081,6.855309034374238,4135.192325684038,2.7477692778487786,47.409858241701606
48.36107428959959,5.378877022593843,20.282605765521588,2.503523522169166,3140.7657110561618,2.3147974767186317,95.0
149.3580733422589,15.848875784476716,37.60256243259887,7.068898557704561,4316.758190580194,2.6851789886272424,43.92190594610964
70.69434226371247,6.408474170791285,19.87210732394947,3.753769556582423,3146.423463393901,2.4270476558114624,93.22492242212189
51.70928673735031,6.417475908905507,18.402138694742483,2.767383201699466,2981.695991866623,2.420214924681991,93.51183623144567
210.79939670559997,24.904555811361686,48.915235330276815,9.811380798959672,5209.7487823893025,2.910473749953143,17.954608560109897
213.81376595342067,26.12579299288454,57.82417809590183,9.683724687607981,5155.3980601371695,2.8430415053135505,12.578823890093313
185.511522660963,22.726136178672796,49.74722380304095,7.601861472376687,4743.4028700974495,2.71886367446558,25.44235444988692
94.83047845120672,8.302555372520697,28.94217776629149,4.525285402802962,3408.136924885288,2.507490042500576,77.75346619321617
57.5809805211491,5.324359027287666,25.9560285208999,2.721161139997424,2856.270260515268,2.338857173075842,89.01768408194818
163.16194477218824,16.48650782475291,42.864493877380504,7.552241453697152,4592.95508031022,2.790155196692896,45.229414869429014
119.22744887312824,14.208397773936701,31.261637170640856,4.781055206322947,3798.8009102583837,2.564509113173522,56.61270290652918
61.96688227206019,6.217539678859462,26.962748686221012,2.2761481967076955,3076.0312495240187,2.367634569250575,89.21004080443666
129.13184382002862,13.051679560838272,37.4430988950597,6.396205691213208,3920.8343412787126,2.5966295467533316,64.98265613508603
46.18993380073931,5.313580671022968,16.126248297168495,2.0797648685598227,2708.576045074308,2.271213486925733,94.54798610578179
203.67767237418076,20.92133187718644,50.16451844058533,9.598826365694528,4655.524948706289,2.76245231519701,18.51001180636663
86.58039668800305,9.024413778127943,24.68922457744634,3.949631764792642,3481.971485260542,2.5197618854612305,81.62121467487478
159.25401118371676,15.220101039266222,37.70240304385034,7.253696759916816,4458.10786293535,2.6449173196025804,46.63859689037512
96.10799369609397,9.118081407130349,32.000131381813716,4.83768707099227,3641.22192741334,2.435978431954185,74.95264877985827
133.61224381200594,16.33158728160141,42.45069868381158,5.815261445527947,3424.9325815413513,2.6276693690623825,51.99677905066552
138.40785028179033,14.571624170324093,33.48586733490065,6.339326310370052,4493.792695183,2.674508758578521,58.03207739576694
73.27380199459486,6.9761720299790175,26.343668108990688,3.0994897190381545,3071.1891042878883,2.4557690715170377,88.81694201071298
214.52523299762055,21.42564475488349,50.953118892158635,9.53389884072114,5439.515058311812,2.8933780832831526,19.912709834400243
179.52390820500062,15.711933017965615,44.44340548970604,8.005591583947528,4484.877437649903,2.700731970186529,34.82444777482052
209.10980948155404,19.66283431406704,50.0447801235942,9.616058225887496,5259.201923235824,2.75623889510757,24.272085832047345
201.0689230769768,23.240293436483245,47.62181230635591,8.900122192667206,4805.350733519921,2.878273451828705,29.195146457949868
147.62199618599533,17.82384627066026,39.669964121033544,7.337968798513821,4089.5761506507693,2.6267319966158795,45.85385598573126
205.93736230416104,19.483789344357202,48.694622111599095,8.91348554453393,5471.866705335773,2.805270436089731,19.90265906540722
55.92865036934551,6.8996222817031265,21.997100551208618,2.4487755583441166,2800.7932753875134,2.4341956582004896,95.0
75.27691523544613,7.277982260004671,24.904668718741814,3.2018124361104636,3172.6403031676364,2.453642246176371,83.73258232261428
48.14091200389685,4.0932944064752705,18.911338260180145,2.911712215081269,2896.1272261962035,2.367217124615771,89.41308623772011
98.55945953738758,9.567117813104463,26.989200921352726,4.578252821773404,3577.528270655335,2.603928495857217,77.59955779280205
109.96191214410676,11.511106364065903,30.262068437116355,5.514191003557352,3679.512463190317,2.4977098249133136,65.41733046602832
88.84282571930126,8.402680523016791,30.034738821337523,3.2955300734497532,3405.634586282764,2.512920483561966,76.61810709464501
189.17275164734727,19.238536480427264,49.3373018923426,8.732286571450414,5318.274391757864,2.770368911186896,30.62825708794139
104.21559880484607,10.234808243943421,27.910454026573564,5.181888070759268,3551.710222665974,2.5260764103577014,72.03793137696792
90.56821174372854,7.697543369675698,28.411639265033386,4.157878892079919,3398.7429854989214,2.5481280565518123,80.41372872749511
137.68529496848473,14.425751514966962,39.791220363812315,6.791162686100163,4275.410303728793,2.6384476727199355,51.161932528710075
65.36636049545727,5.5185878016447925,18.065056255727338,2.712553979288781,3201.6005940234563,2.4230138854388534,93.93650546373442
184.39545653572713,15.866884866914083,48.50917188428524,9.08628538080766,5003.337909147983,2.806811736472672,32.33290267321044
53.41911586235875,6.081989654663208,18.69595189563421,3.577590691916841,2929.032782341218,2.342009711109932,95.0
217.6396485880931,26.293094455768777,55.2397257233981,9.711292019238948,5035.9937462753,2.810958462397329,13.229214568795967
179.00405847339835,21.302115020724457,43.51103422505212,7.913796851726811,5011.747183561195,2.6847717157191435,29.184213386654175
75.76882267615103,9.38559152828633,19.739118233236653,4.170729632929352,2907.2632615385282,2.328988638559653,88.23524653520062
40.99398108224843,4.893184232080118,13.316168902800198,2.653148849331194,2675.4368092815334,2.4257922997437618,95.0
186.78305712187014,17.40426626691231,47.50086626435817,8.228708946508373,4650.890686824181,2.7051887530795264,34.23618305484529
167.23432189257107,20.18579065901325,44.22603188367866,7.3914666774780295,4495.687159069968,2.690640284498425,38.08946562866336
171.2212902473777,18.458720308510518,41.53130817416231,7.641893615905097,4634.071835771361,2.699823205747687,45.31392727566768
178.82866240347025,15.714982455815472,47.68150985702617,7.456350308276964,4746.701379142109,2.751856322100866,34.364917080119376
53.32803731213627,6.589331415396451,15.681047275620374,1.964675722764095,2884.3047105291007,2.400770972563374,94.1626451347724
104.52383113796907,9.284508938773147,30.706526831651864,4.249012850168015,3890.5997208812655,2.5565951678318948,71.40996223624316
60.85643071452335,6.667430305744008,18.5382375436173,2.3823026135626333,3003.5533210206463,2.3534154202151236,90.7453974985789
195.35861665760683,23.057532410846633,47.11621500811489,8.86259467710692,4881.547922805973,2.7777197642835,27.294835691294498
152.19366282896044,14.109056008838849,40.58092857974134,7.035001131221008,4475.722376092078,2.6707099860112966,41.69880408933405
99.56164447347686,9.467840333180602,27.331088798843517,5.300779540655987,3731.3187648870808,2.4862503771112534,69.89462450138994
51.44050305148426,4.469244427892038,19.134433977607376,1.83902766378898,2526.0859827448653,2.4346887879554524,91.54761507779689
95.9768179088192,8.77279021017096,32.21424200940716,4.854743831457347,3559.1322826022592,2.5124792013083703,77.42367969311248
98.53299796481447,8.786665614244818,27.97592398439345,4.371778212651539,3618.229517934397,2.532342883196934,81.3726611533582
171.32911210085155,18.769337914522115,46.772898756365734,7.7629550588488545,4510.423980840775,2.7471313997359257,34.91323201806964
154.76034484393836,17.768615584074563,37.56294840481482,7.371970875353227,4596.546535321399,2.7229547274060812,45.11161365331875
199.69829366373878,18.150332897819503,51.52907126649361,8.515834155752431,4965.463287549576,2.808145958926402,25.184837620390258
124.99868652915087,11.13342057339848,39.32444316780388,5.872963351689792,3900.0955886315714,2.5101544621896603,64.06165037665276
61.526964268894304,5.143526038859462,14.890459353396995,2.879906298147178,2888.2900991766405,2.404565290394315,90.46172559503161
168.3840617001391,17.448274472947183,41.28612657361639,7.900046618374034,4528.876735018381,2.6725843404108263,40.60373759812291
176.94130875104153,18.648815307399275,47.11947813174993,8.187371083364887,4434.864613886582,2.704393092165637,37.07421818541896
141.02989556250932,12.698930018394947,37.59684295437289,7.6380998682513255,3827.4382569187806,2.6524078876252832,55.100908550253564
178.77409239182097,19.093239705680006,46.86825609847812,7.807225116593476,5000.51239852231,2.798236430747145,34.16652472236701
128.88320734559034,10.99401903900794,33.96468590897061,5.592829129116834,3763.8558405201893,2.587713200873574,64.04168388555773
134.09190928875893,11.727829474793381,37.07815122017049,5.783516522640296,3813.1001694401225,2.6177173784962253,45.667578847914776
116.95738330453894,12.037635949946452,32.92444495473155,5.038506136080733,3323.682726847341,2.635982897145379,65.62389583337989
44.57544281393713,4.051029811597456,22.418434747766845,1.7074629278893378,2540.8392926711563,2.3457639874162397,94.65577311956993
59.4204568587948,5.3929508066324665,22.6473539016626,3.2954381227717215,2626.6888942004225,2.508345526285404,83.76038409442582
45.65725342361216,5.427313875820733,20.144258670948037,2.785581825068207,3013.261833381456,2.365247242552414,95.0
154.55387402748048,13.311891203758062,39.67514390712869,6.739802945283466,4520.271528280733,2.575623484124651,53.92175080173721
96.5840765937388,9.638158380363837,27.85399664653028,3.9740075131632855,3311.131079870537,2.527419310836443,73.41591593051855
131.5427244096465,11.634946393761885,35.01087031847044,6.214922524086225,4423.628027213559,2.6136860924730785,63.30649545746491
203.36196530669673,21.913536376157573,51.85574948847424,8.967614173618456,5246.782576998769,2.8745735336242277,27.492861432292514
84.87260124679749,7.327915764198199,25.71156680689871,4.174311420095823,3208.122742000238,2.4882768713038907,85.82353352783952
113.86892614641336,11.914955438875186,33.64310979997191,5.2773217898080755,3208.1527492214855,2.534683979240052,70.13283119359497
175.99920493774877,21.881329505664613,51.426043383486075,7.242091803308146,5098.176588584381,2.6667827029987783,33.48966045531814
81.18366978849204,6.985627918066973,28.850108067993485,4.463919409232851,2939.840553474661,2.433099846501175,80.63858567493251
53.85638376918274,6.438187596062708,19.793206157333024,3.3459562806015217,2478.766007146363,2.3190431285970834,86.63210190770671
92.15526152447825,9.933462645032815,32.034694071387484,3.882481178597727,3586.843009269102,2.4474396120831985,73.17444678786978
69.0198317057208,5.849015417015151,22.579740222079508,2.9434142975647717,3523.247956853667,2.436488415338193,85.80546001299635
207.34557742166317,17.568043380230044,45.354741878799075,9.567731669074414,5387.03822502705,2.90553195748256,34.69056376675959
185.46166832159506,18.016917095369013,44.0680747315668,8.597304227793288,4894.7068488343975,2.7761185814559344,32.13352296645924
154.01267617187622,14.629768461714772,35.190159471297676,7.329848325967153,4429.1410109112,2.6022438754138695,49.666786030912775
196.86290623378918,20.100805231999395,48.318040794633916,9.953416189100864,5123.626705262899,2.812818852112375,28.143317229408375
184.66097384184062,20.131269236222867,46.987449905936785,8.305207015427548,4921.700325584962,2.813814495857805,30.486474240662517
73.58261059948646,7.8996576327181565,29.74583405672314,2.945515495889248,3159.977443786172,2.39025868658249,89.12818561061131
200.660619728196,18.770742188132875,51.112906066931686,8.431277646365281,5030.749516713316,2.795281000850942,21.877928504341256
137.08160354481714,12.451212769072475,36.759019122536834,5.865516959338911,4043.705427592353,2.6119792203709116,56.22270157117497
185.33922792953126,16.59806376843299,49.55606232945672,8.40794687399634,4629.295501169634,2.716772768134482,28.31910293768205
201.29643398622878,18.039783913272103,43.625880870222105,10.047116840223838,4963.311494420077,2.8363033236508794,22.310601570070745
97.2406254949355,11.624945211422737,30.1549687733128,4.161222782069892,3120.0180195849553,2.4856744690544175,68.39679707385804
59.80934641498182,5.994313218007691,24.274464864657265,2.8305006310458953,2877.4722708657773,2.400404661440297,90.16828958802523
81.0283292575495,9.845202337853772,21.76990711417038,3.674894427306783,3017.706717433059,2.398710378882544,79.37416458070358
116.87940195272614,11.460882318598987,36.807142520166025,5.906896725484321,3532.473165847738,2.528765290842008,59.495908865800295
187.24265786604877,19.172672403715985,48.464020795692996,9.774496115939028,4844.618698221428,2.7978470414895353,23.80529104738846
194.93150498614182,16.87599323279243,47.74043725552597,8.595088567455376,5202.3730320610475,2.7661528573538376,29.24932754001336
41.25138349561433,4.386737001908156,20.14862229744172,1.6303431649051765,2802.4340736346776,2.4101023430485133,93.57916390717713
131.93451446396182,15.579869867156066,43.19898146620555,6.519103823260073,3664.9175962347917,2.575821734111156,54.44949050463428
115.13398056678022,13.431454439488297,33.572394878531526,5.57430849784862,3529.0840811876355,2.556636177987935,62.91691247273695
79.97940588473145,7.240548430822958,26.740542935847298,4.5587812030830825,3387.845325868615,2.486567759247849,76.46403667522421
61.57576612006291,5.879549051203782,20.93707052539185,3.0908625526658415,2727.1390130932814,2.3138090117135373,89.58745612484532
100.77073085265303,11.990105575202021,27.604613062136234,4.400841720636153,3466.6343327903905,2.4142717519589203,68.02095755977379
209.72374670425344,25.157509453078536,54.43575679048343,9.82822499281222,5255.866620368712,2.7528884243842557,16.48480965726923
98.17652776373595,9.087157515078573,27.06705407502059,5.016921234097634,3278.979025483312,2.5576587884625672,79.46142747568051
133.3823119138059,16.087501502133865,36.89116109441936,6.473073450317132,4021.8097799362804,2.5725540284467954,46.23265487198269
166.54341260113202,14.754754762981984,41.875710179931055,7.823792133786922,4231.346090033339,2.8275402020868086,42.07851420390214
105.45332842827291,9.741674947836698,32.527605162893764,5.3266704551706185,3461.5263976338506,2.4881476053519496,68.56947463967876
214.92077488977293,25.8150840561535,53.98514129381543,10.353773926576153,5287.768010175101,2.853989889829171,15.792501352282573
213.24051308958002,25.570397116394744,55.760722450689705,10.383830090499673,4880.008949637367,2.916827036897134,13.218018157480813
85.32081324856554,7.141873919331707,25.534113453148866,4.2025737278205275,3367.907146320563,2.556267084153653,77.93850781196298
129.50473106062938,13.636263741704616,35.09132140624576,5.8030196444156354,3938.643406124105,2.6915893720137083,56.328875642499455
94.15809576701854,9.929598176966199,25.895328006056786,4.353270287172049,3522.8694273887077,2.5428925988307127,72.6044921651113
91.27128898794416,8.112139418889901,26.921378017360496,4.751949437251641,3413.852161632095,2.5250169932544058,81.92851898982201
46.6396505238159,3.9562026496265075,20.45983158389774,1.7115162792252867,2972.4228438520076,2.369545299031507,95.0
149.72158011638143,12.535291926913969,42.21528187321234,6.989863023362879,4270.868602275303,2.6880827941574763,56.82960061601303
130.48222418119508,11.847466584845833,33.329948863706136,5.734340783890642,3871.3522544928755,2.563887386727159,59.02132997694987
49.26617522499808,5.183164281059679,22.462052805316596,2.2537440126036854,2763.452128981428,2.306888581503879,92.3187633145973
90.15636356259006,10.817894474430979,32.098186288932865,4.737242456875925,3461.005059246129,2.4703003678172224,67.81883520601649
203.48785947399767,18.318067573861345,51.93787660447064,9.344997691918936,5062.089906175106,2.801954347295747,16.261265590549918
83.12114032005503,8.12236185198631,32.25461550168521,3.8014519249896668,3254.935443041602,2.4267020184938017,71.68119231977886
66.08107697642015,6.814668450781306,20.894847797973313,2.323757246620047,2850.817817084951,2.4330626033020963,89.83209141665442
128.10149684996134,11.019087822439255,31.886335260058015,6.195922094375489,3788.9422692392304,2.6320697509784097,63.20745637193712
217.41708173990813,25.745706354103614,48.147255601268796,10.205336715111816,4980.735171738683,2.856671589534317,7.685261602590578
83.56994887207007,8.381720613361688,31.20212270888156,4.8802614012922785,3603.464581718439,2.524586350668973,82.35137474027484
160.98439853305814,20.009459668102448,44.1599766756738,7.163583543117052,4165.993330917615,2.6258687398924994,36.38364456377964
177.09153075916916,17.933968702166247,45.251552139102465,8.159190198339658,4517.791921828356,2.721591619313522,35.19292430851573
82.77475791863193,10.063539617129816,27.39485746268585,3.887180838156829,3097.9399156656395,2.412483157725756,84.66482239405362
171.07894275013473,20.18565888043136,40.83932140813182,8.565042219433316,4745.169016640909,2.6199099973967517,40.71580966659897
106.20096388946558,12.538329105849865,38.577448716743596,4.779668774236778,3534.024522683578,2.514468857376262,63.361946321053544
153.8150495068443,14.515179238883388,41.150673447294544,7.131103922287184,4556.774157137411,2.655357773101369,43.641099315193635
154.03534793696105,14.02338223785385,41.135253971206886,7.30555497926559,4175.832094205642,2.73777853097299,38.15922342639187
136.4394431334565,13.203635982678326,39.46518849838738,6.295097431280748,4102.390479446608,2.6408589136281084,51.22537839971614
56.2521586097935,4.747542360316096,22.69345941716884,2.333699493169895,2676.7129684949514,2.3175471346129206,91.94523181313099
190.35444920606284,20.03840239204105,48.742541914049966,8.749519960361102,5284.34656364562,2.863767975934898,24.468179117311678
97.74041169491245,10.690367815955502,27.176658972646557,4.97956186106227,3228.5864916177843,2.5542729198610052,72.30004317982397
73.57333187197376,6.4119565495380115,26.12907144580274,2.830984708111459,3165.564120125012,2.449824880789352,85.30667579894278
47.33952547985751,5.322406691426646,25.1139785853966,2.218281449794234,2836.8482583842824,2.3306943714970814,93.90192188428615
146.36072977388352,12.348104793498996,43.308406093241636,6.302700036797845,4278.170766098552,2.591110227485477,47.52822951594818
161.96158513161083,20.12290646280749,47.17187690624036,7.9594135477174595,4392.366245198621,2.66727441659128,37.80572044945823
42.98580920701411,3.6184817390906403,17.06351481210927,1.1923069661087538,2618.822998158527,2.383394858606252,95.0
132.17675049387057,16.173079468812023,33.466535637998376,5.728573189721959,3991.4135518038806,2.6907595667783424,51.0342902907327
80.76923953562883,6.984195901004415,25.77648714682682,3.8599350073335708,3182.1381927087346,2.519469895020496,87.84082048739822
156.13110227370098,15.442005950828026,41.39339519160628,7.879630299785397,4534.742357464497,2.6439508357317894,45.11828355269168
71.38595722089846,5.962812970057149,27.55976599959254,3.2119411067770725,3512.8939586317474,2.358176999998245,86.3219446058457
164.36879285844387,19.81496107833221,37.796364682544315,7.193709002946305,4354.033535875091,2.700150690920892,43.04133252863756
109.61236233409673,10.730091670029665,36.51112342520119,5.922958640815601,3370.224839095635,2.440415118724148,66.1204646802072
208.61139797261222,17.564006653932687,51.24825589878548,8.758329321274253,5111.514559918932,2.841992579627076,26.47107868241623
64.7537699462788,6.4160977839105975,21.6701107794135,1.843950201066268,3487.248416725046,2.386881180523903,91.65825147416594
101.39194318904653,9.640221695420864,27.242075512028805,4.8287319154378725,3360.1442342417517,2.4808740044737276,70.17435129260724
60.42523382330603,5.60375250020671,17.120476749063897,2.4955744252466956,3234.201868438404,2.3015405481065785,95.0
206.4448512901413,21.026828014147856,53.758482009914005,8.873240468259247,5432.212932167407,2.84501455919891,15.708967868218828
197.9210836085766,18.83127580592286,49.804170623280534,9.350591114948614,4858.0986057870505,2.7671282088426348,25.89136787762788
86.42949298872801,8.360969541318301,23.416015898522442,4.050513674555054,3410.2390106679754,2.40079263718067,80.3820535202397
158.79712828615223,13.683943421206276,37.8741893410396,6.936011970365827,4707.636248917991,2.5327782741943743,46.90697969521169
187.09999603621884,22.86786857802955,46.412645109373386,7.864393075038136,4730.674392345785,2.759924242856125,26.602847220086257
139.93614608790324,15.337396360276177,42.994293793448826,6.796962577226584,4058.3261192980767,2.708421018097197,42.14397032023899
135.33710410408116,11.467646532907253,36.28864676672542,6.476787139164838,3913.720378771489,2.6890742730396373,54.574978757134765
83.5334123620813,7.225414236207479,22.19725361306194,3.747385357295822,3050.0498392926465,2.4277454242569303,82.57555212223053
56.758498205061855,5.778341999617275,20.614470448754542,3.503250234617554,2721.5219640627265,2.3401648915970967,93.34853334514776
201.49883643159882,19.226015183417584,49.48159657707675,8.623995636455051,4777.694493121531,2.827935222098548,19.746644893914876
202.0752502893995,22.182853248229552,42.32439012905519,8.42247606405579,5037.945447992838,2.756306478908784,29.736346007948946
153.95826230918823,17.590235077364802,40.62876786228421,6.652148797295207,4155.379288426095,2.6769643819185385,40.63697216897279
101.02536238876613,10.251393005957967,29.512268887127192,4.569268918584347,3562.1376181896417,2.541380101085533,75.63720524280085
102.85772343027895,10.926724249492612,32.66016378049605,4.797020789674026,3231.686722213459,2.5699198314850524,70.3665027795235
170.6720221966431,16.51458386952062,49.68127272416466,7.637201161828339,4626.256379392538,2.7070083627659316,33.84821956530242
201.47984679146387,24.242730905926962,53.675664446936054,9.334202552414597,5188.903494193743,2.7942558528655437,26.09665367829719
199.67555636772113,16.782872590844356,49.128445201879735,8.45039194098301,4596.386217001525,2.7551275397653354,21.454104224847363
180.3775982543723,15.100876469269927,42.75594192464945,8.920864040871733,4780.475287785099,2.699788777061124,40.92232993570418
155.56569630777182,14.4140448939223,48.833218671303946,7.030092424793343,4579.0192431112355,2.655373144328239,47.647850667014836
55.14519369910879,5.436030983574442,21.206694041865223,3.065247629389918,2585.249701748391,2.3838038564381354,90.35569836889648
69.09316853703048,7.479145091164882,23.860421583144934,3.3119612430538736,3370.9120054229975,2.452958736922754,92.6015915169528
201.73975393487427,17.924169362191588,50.27557552564485,9.398365424798449,5109.900110896323,2.7650603142706056,24.161134586179635
149.15723073872618,13.889400944828935,40.425700430048806,7.064757764603656,4096.3560899292115,2.7221061206641552,49.860655010541024
41.65546929099334,4.8154007921083535,17.898012622426844,2.1172847023265366,2613.678223833359,2.311410227820852,95.0
58.264877715885774,5.00397931853601,19.931989522536448,2.9697649124740346,2985.6385482426313,2.373726268430236,93.06535566619966
159.43031843945005,14.121188200366806,40.24548686416884,7.911408921404854,4406.655854874233,2.640930371360959,48.86078804261911
40.91108509231936,3.4672762810091178,18.083957207815878,1.9578553617743424,2721.4174748740643,2.2015212422633113,95.0
68.94544925514975,6.323600891706867,22.158815537628655,3.4883859358465177,2850.0470202113734,2.451038617583502,80.65265197975064
138.77208208598552,13.274974667419345,35.615879069165615,6.262954065855729,4115.453396096998,2.6531584411125784,60.01170767200996
164.54113558468478,17.01040105516824,43.22751780001265,8.199201134301317,4185.374134389275,2.679557028898144,33.232054897856536
157.3530267104681,13.413535177531283,40.70567368983105,6.814214153991642,4338.050188387281,2.675408615992648,50.71962822751992
80.36847570290075,7.010352769640282,30.58567410632822,4.553582748405442,3024.745607250554,2.4669023879939074,84.58479340755267
168.19225984255647,20.559202580747,35.68554254333226,7.625023744794031,4375.777909120394,2.626449486683342,34.79882007055473
82.704835749424,10.20358562766541,29.81548770565219,3.0439231648238856,3487.7911712834475,2.4216618733809576,76.29656909405696
98.57194566866819,10.369605002386567,33.452644711226526,4.5445951923948575,3696.8412091488767,2.535429070987096,66.79394087392028
174.36845292124434,15.510153375451068,38.65351988702442,7.585312940410029,4737.354418000101,2.6603908876052706,39.71653553723912
156.93392182849863,13.133529931202528,40.35872158345868,7.553681857607936,4135.546274492964,2.6854796620938277,45.46177019392295
192.86021388895202,22.421258720440722,47.45772017980303,8.440061368937533,4829.621518395321,2.710751551435686,28.356715256461005
158.37032061406182,15.262368977478854,37.451529038658904,6.975559220395421,4618.174349206764,2.6984324609638617,51.85746467052368
142.2955486003849,14.9414186925114,36.125659657304354,5.523209116362912,4162.776611733754,2.625104571686281,57.70144763956175
56.86145820905665,4.786455987662293,18.040564105413843,2.358458577150764,3316.7877811321887,2.289827783831895,93.43800265048597
106.18884455069804,9.340640506479927,36.49458024041048,3.614825998080887,3671.496236139345,2.576803501374953,67.26966488320812
87.73642618271057,7.7278246558514505,30.3543204159845,3.196067960198528,3354.456216038665,2.4264796997082296,70.94342260816985
83.91813580823504,8.498234731529434,30.598292446629486,4.194668046628287,3196.948744283025,2.4112417855739863,74.76116492582369
215.14189985544022,22.273082899899162,55.19339616321775,10.17207734548179,5253.8366787880595,2.855454159427868,19.171590155355442
110.75759044001687,12.179691860678874,28.76436277435168,5.247164709984158,3630.869889324144,2.5897046387914866,73.70941582055156
200.5683799318804,24.383725182795153,48.540115187536756,8.633256470793594,5150.147434315924,2.7509140488467216,16.2409401837032
153.60495267950733,13.404872488927658,42.18911421958522,6.95818762554298,4495.414753551527,2.663898850530921,45.259695353687704
183.06603463749673,16.270216588079652,42.94682350082351,8.319382123068204,4588.792627460861,2.770638928929019,34.803947433169036
130.47467675893458,10.873913061958444,38.23393064230408,5.351484780809846,3690.873560672463,2.626079310639961,58.84355218450787
143.84269923274462,12.000344640794145,38.04756365207452,7.290003661462876,3790.3994138705107,2.6403501754620953,49.17813884312869
128.6531848873955,12.58624761966161,34.60617455483031,6.286553185623995,4031.396038693441,2.5676081627080207,60.81895362699341
75.14373780364801,6.784405861840057,27.161627465340075,3.305142358705532,2906.482745819945,2.384051702378508,81.32512419647134
170.04138074707095,14.435900538840144,45.34106608387231,7.742596589818672,4120.042592615568,2.714431336393532,38.98264597562215
90.53902523935405,7.943002486513895,27.02490655041357,4.219601642126233,3435.801099496504,2.4180101251187818,80.20371574785736
44.376873957661694,4.9365821346546115,22.35336420162508,0.9962632002270224,3164.2530128514836,2.187063097698255,95.0
156.18501326329022,15.933707437953005,37.99381266985836,6.975730093434711,4341.561016641375,2.6903830299977542,44.328332810719154
71.8799222932688,8.439941342785078,26.22379127948655,2.926277071149683,3245.89698928936,2.460836508934116,83.65391237420864
209.28254518352458,17.711486976050395,53.63581281061007,9.012032957940024,5155.604049462381,2.7097010137734823,21.085350742785483
211.70714386046572,20.30822695665906,51.412789454151174,9.482501847214555,5155.829227268758,2.7846348963459002,17.922416636858294
204.67559023968073,22.95966739648117,51.913517114662504,10.202279183410248,5253.949150192765,2.8449844837693026,18.70311670277894
106.62856604598,9.977592799630216,27.57237248004009,5.167174432723504,3541.37358185197,2.622760471623525,77.1463144979096
42.78219097519614,4.085188639166294,21.32851925265993,1.6590555494356987,2695.2113274423227,2.3293862583093587,95.0
207.09734126579056,21.955370136475295,50.86476184382915,9.699806902759468,5170.799680226061,2.784891876735915,18.765407798596886
117.07314669711658,13.847877522854228,31.846460277866196,6.021184386343755,3622.479109728139,2.5420746180361076,65.24028836407855
213.9978674278605,20.02545426987414,55.946601163082775,10.189492633631863,5408.376481325213,2.910737423240991,16.183217522742787
213.4515958760655,21.173168240481193,50.57728810358483,9.732160452053975,5166.781986801901,2.80805657867197,23.148554133508547
193.5417019841248,17.453055046011144,44.482956507734286,8.473881701334705,4751.976497863303,2.740665505619862,31.48729943017267
93.00080057252542,9.22567132365518,23.930272593933374,4.576420773739769,3502.3139773019625,2.454865225608475,77.0724930817056
109.31759114834655,9.581928002840776,33.68154808370623,5.165724108544809,3460.070270866991,2.4802863430321045,69.3116897072987
193.20460087303425,18.927473951774218,44.79963211711801,9.229623922424514,4903.705244569339,2.785747318418843,22.84046356703612
97.04596092812997,9.473673514039367,34.673574731579095,4.728765943028711,3453.8656145931086,2.5723718057078684,66.98620632483836
70.50869440349665,6.12766639145732,17.85595065704816,3.729717012364061,3274.8095292187654,2.427680046866292,85.05136261563236
140.22422724250305,14.585523909255043,43.134214553370725,6.106210905242581,4198.303055213537,2.608055006621195,50.967794005853506
208.50785934894057,24.426707055450997,52.334624271395974,10.136327003223553,5122.61249848508,2.8109330146010447,23.722318869862143
165.28536340149515,20.36755406718183,42.76693334468785,7.6117708660505246,4642.833710862485,2.617696549769653,46.9601742243516
142.6110106160857,12.940463340112064,36.88744486279029,7.519949100680165,4417.206669044748,2.6719885207056153,56.36541541101676
57.49176887873834,5.485207735193176,22.69576211880388,2.26866831271605,2973.9385944514474,2.3685834467855753,94.36266494544621
150.70130080585056,13.932771379723656,40.02735605389557,7.718041029121287,4262.590036056434,2.6430799067380204,41.418334328117076
218.20969301876738,24.651290881048546,56.951844249803045,10.017577801675294,5010.778148811479,3.0142844574485457,8.97569813735824
65.21512274257432,7.631528913371974,23.385707494500984,2.638614759218881,2765.2041085235405,2.4105830136460074,84.09447412101512
133.29933742547263,16.54211739471161,37.11077276948016,5.817117875039777,3938.4451205111554,2.5623084597716588,50.660728725541084
197.92715294703197,21.050816869753238,48.49459395276483,8.836515116222474,4847.004853773622,2.7724635790308185,23.508439824838383
173.3383511957568,16.732032843703067,44.49683336798815,8.091098936644448,4562.6810073392635,2.7774373390471085,35.38421716321743
165.46283337914824,17.291592147348215,44.01597198250583,7.782455624888124,4493.272485666645,2.702052020664333,31.717691536247354
166.44713511767966,17.071676677957967,38.158921845566056,7.278928867016149,4602.64557763654,2.627427506437171,45.01952480796254
104.70840721955594,9.013660945774234,26.89712517759405,4.74729575930387,3556.5263526815206,2.560086668387428,68.20435924790223
92.8465319676088,9.88462853291076,30.799098675589907,5.291432086924513,3489.9983082793724,2.445132391625877,75.21335558777571
185.68500798613246,18.465173461026424,47.64959791161032,9.30399922078365,4798.170002754011,2.8507199127692746,39.07093995589629
185.82041104225254,16.688539321507413,46.61213219939247,8.664544154939405,4392.2128523630145,2.8114636364124905,28.074059136629028
196.07301734441867,20.45373639798995,49.26990526807992,8.931411618375858,4753.228181402529,2.7658529572503188,14.688798975649268
204.38329946016484,19.486703037165288,51.919405008117984,9.350165638821169,5036.931980758149,2.87720071646725,21.038567829958737
132.0416317949688,11.532569340461436,34.78904731806568,6.308651340681972,3738.6855283563104,2.599517670911277,62.52496406887241
130.27293304369593,11.041873380948516,33.71967243253225,5.41010067393243,4074.0797416546798,2.633457482887199,68.06465505712646
183.69313221401953,21.388780338171703,47.32616220809695,8.220999559198306,5061.547149679032,2.7753160375067822,24.870810492865427
156.99350753999772,13.410969330820441,38.463583175154454,6.301776487606556,4598.65498343943,2.6286626898704495,50.12217048610762
166.35403790638662,16.688029203165808,44.49556584842074,7.761158738865668,4452.621994409758,2.6668846221032867,37.67143919256306
183.2426804984982,20.285966550826604,41.54078528698612,8.652810719783107,5046.785434847464,2.8012260823745527,32.68975192254828
200.20096152716192,20.35277648044625,53.12765921740932,8.8584504746304,5032.74791434785,2.783864117976159,33.039247810936445
100.83912823327645,8.459565934746234,31.58561809389442,5.37059011952122,3445.169729275539,2.4823349615377297,66.18286327796895
107.60493147518993,10.792360423615875,32.28907549797961,4.2782504173710985,3491.393439419661,2.4750586654581026,68.78650097041661
56.91674917135642,6.1102211287713795,24.33142278610783,1.8549375222294726,2793.257300272721,2.3919302007937424,92.91567906017218
144.0904253793113,13.679120019186907,43.814508409249996,6.661790699248682,4083.7210169814234,2.7353975221000915,53.60983907191174
46.469609283413575,5.186003188127425,22.337032051737108,2.635804118733967,2731.1273837263016,2.2860321821375273,95.0
123.80764326384283,14.910379887177472,29.238905958773632,6.469583994085427,3889.2294451676153,2.572633902625167,62.05411961275523
137.6760342473638,16.16766236607779,33.696475949265654,6.028559425263884,4065.7497177411396,2.683639130512863,51.96557290664929
91.5774253830912,10.758394357231278,26.441029343531206,4.701950661401612,3461.049014695638,2.4707502065869877,76.7633796870923
146.34998690242193,17.002393665806547,39.34827053111688,6.633017897177917,4433.379058493598,2.661668550519753,46.9302704540579
45.490044989028895,5.317171668980554,20.650986059213146,1.981415667712722,2872.2615019236982,2.2833504585597426,95.0
46.722673974858594,4.423030102696156,17.167303355511326,2.565587876691454,2403.860515932898,2.3615833767849588,95.0
188.06810091873848,21.548858512374366,48.17392047717893,8.87471148096755,4310.237286800686,2.7548470895059882,27.79638582688059
104.83431545402732,11.173186858098939,28.7007142937455,3.977000078509117,3759.378714058265,2.5637894461460755,70.2908605604897
62.870892277339266,5.4259134065800785,20.73962504649201,3.5960380056510965,2669.6876444770046,2.4479819794102555,95.0
134.00378680986478,13.541417197926535,32.58077407142829,6.781126895703943,3965.1037217694347,2.7314895425305252,56.95786377881971
178.59883955774995,16.738048157185386,42.95006817321728,7.805347720052051,4444.959988154376,2.7647781773339286,28.717730463233522
78.84778494943177,9.074145340508338,21.714503173037354,3.7818919916928757,2822.320686725473,2.452833170677404,87.1504851023842
152.12028564742005,17.347197876546968,37.496437370552016,7.161573531660463,4390.096830352259,2.6660800720211273,43.03883123119864
55.36254369887824,6.781737841625161,24.233434129599168,2.6468161419518736,2982.2691875437026,2.3484293164561003,88.85381880074496
